astragrad	404
altigrad	404
blicco	404
astramens	404
blickio	404
claragrad	404
claraura	404
clarmens	404
clargrad	404
clarpeak	404
gipfia	404
culmeo	404
gipfio	404
gradlux	404
gradmens	404
kosmocore	404
kosmomens	404
kosmomind	404
kosmopath	404
gradria	404
kosmorise	404
kosmopeak	404
lumigrad	404
kosmovia	404
merimens	404
merigrad	404
meririse	404
meriria	404
notagrad	404
notamens	404
notapeak	404
sapigrad	404
sapimind	404
sapimens	404
sapipath	404
schocore	404
schograd	404
schomind	404
schonova	404
sapipeak	404
schopeak	404
schopath	404
schoria	404
schosol	404
sophmens	404
sophpath	404
sophpeak	404
sophrise	404
steilia	404
steilio	404
summimens	404
summigrad	404
summimind	404
summinova	404
summipath	404
summipeak	404
summiria	404
summisol	404
summirise	404
telosix	404
summivia	404
velagrad	404
velamens	404
wissenia	404
verimens	404
wissenio	404
wisseno	404
zielio	404
