abiboost	404
abicockpit	404
abideck	404
abigrade	404
abiheld	404
abiloop	404
abimind	404
abinorth	404
abipath	404
abipeak	404
abipfad	404
abiready	404
abirise	404
abiradar	404
abisync	404
acekompass	404
abizeit	404
areteboard	404
areteboost	404
apexkompass	404
aretedesk	404
aretedeck	404
aretegrade	404
areteio	404
aretekit	404
areteloop	404
aretekompass	404
aretenest	404
aretepilot	404
aretescope	404
areterise	404
aretestar	404
aretescore	404
ascenddeck	404
ascendgrade	404
atlasgrade	404
brainkompass	404
ascendkompass	404
brainnorth	404
campuskompass	404
clarbase	404
clarboost	404
clardeck	404
clargrade	404
clardesk	404
clarhub	404
clarkompass	404
clarpeak	404
clarpilot	404
clarloop	404
clarscope	404
clarsphere	404
clarstar	404
clarverse	404
edgekompass	404
elanboard	404
elanboost	404
elandeck	404
elankit	404
elangrade	404
elankompass	404
elanloop	404
elannorth	404
elanpeak	404
elanpilot	404
elanscope	404
elansync	404
fokusbase	404
elanscore	404
fokusboard	404
fokusboost	404
fokusdeck	404
fokuscore	404
fokusgrade	404
fokusloop	404
fokuspeak	404
fokuspath	404
fokuspilot	404
fokusrise	404
fokusscope	404
fokusscore	404
fokussphere	404
fokusstar	404
fokusverse	404
fokussync	404
forgegrade	404
forgekompass	404
fokusway	404
gradekompass	404
gipfelo	404
gradusbase	404
gradusboard	404
gradusboost	404
gradusdeck	404
gradusdesk	404
gradusflow	404
gradusforge	404
gradusgrade	404
gradusio	404
graduskit	404
gradenorth	404
graduskompass	404
gradusloop	404
gradusmind	404
gradusnest	404
gradusnorth	404
gradusos	404
graduspeak	404
graduslab	404
graduspilot	404
gradusrise	404
gradusscope	404
gradusscore	404
gradussphere	404
gradussync	404
gradusstar	404
gradusway	404
gradusverse	404
heliograde	404
heliokit	404
heliokompass	404
helioio	404
helionorth	404
honordesk	404
honordeck	404
honornest	404
honorkompass	404
honornorth	404
honorsync	404
kaizenkompass	404
kaizengrade	404
kaizennorth	404
kaizenscope	404
kogniboost	404
kogniboard	404
kognidesk	404
kognideck	404
kogniforge	404
kognigrade	404
kognikit	404
kogniio	404
kognikompass	404
kognimind	404
kognily	404
kogninest	404
kogninorth	404
kognios	404
kognipath	404
kognipeak	404
kognipilot	404
kognirise	404
kogniscope	404
kogniscore	404
kognisphere	404
kognistar	404
kogniway	404
kopfbase	404
kopfapp	404
kopfboost	404
kopfboard	404
kopfdeck	404
kopfdesk	404
kopfflow	404
kopfcore	404
kopfforge	404
kopfhub	404
kopfgrade	404
kopfio	404
kopfkit	404
kopfloop	404
kopfly	404
kopfmind	404
kopfpath	404
kopfnorth	404
kopfpeak	404
kopfpilot	404
kopfrise	404
kopfscope	404
kopfsphere	404
kopfscore	404
kopfstar	404
kopfverse	404
kopfsync	404
kosmosboost	404
kosmoscore	404
kosmosdeck	404
kopfway	404
kosmosforge	404
kosmosdesk	404
kosmosio	404
kosmosgrade	404
kosmoskompass	404
kosmoskit	404
kosmosloop	404
kosmosnest	404
kosmosnorth	404
kosmospeak	404
kosmospilot	404
kosmosscope	404
kosmosrise	404
kosmosscore	404
kosmossphere	404
kosmossync	404
kursboard	404
kursboost	404
kurscore	404
kursdeck	404
kursforge	404
kursdesk	404
kursloop	404
kursgrade	404
kursmind	404
kursnest	404
kursnorth	404
kurspath	404
kurspeak	404
kursscope	404
kursrise	404
kursscore	404
kursstar	404
kurssphere	404
kurssync	404
kursway	404
kursverse	404
laurelboost	404
laureldeck	404
laurelflow	404
laurelforge	404
laurelgrade	404
laurelkompass	404
laurelmind	404
laurelscope	404
laurelscore	404
laurelsync	404
laurelsphere	404
laurelverse	404
lerncore	404
lerndeck	404
lernforge	404
lerngipfel	404
lerngrade	404
lernmind	404
lernnorth	404
lernscore	404
lernpeak	404
lernsphere	404
lernsync	404
lernverse	404
levelkompass	404
lumenkompass	404
mensabase	404
mensaboard	404
mensaboost	404
mensaforge	404
mensagrade	404
mensaio	404
mensakit	404
mensakompass	404
mensaloop	404
mensanest	404
mensanorth	404
mensaos	404
mensadeck	404
mensapath	404
mensapeak	404
mensarise	404
mensascope	404
mensascore	404
mensasphere	404
mensastar	404
mensasync	404
mensapilot	404
meritkompass	404
momentumdeck	404
mensaway	404
momentumgrade	404
momentumkompass	404
nexusgrade	404
nexuskompass	404
notenbase	404
notenboard	404
notenboost	404
notencockpit	404
notendeck	404
notencore	404
notendesk	404
notenflow	404
notengrade	404
notenforge	404
notenheld	404
notenhub	404
notenio	404
notenklar	404
notenkit	404
notenkompass	404
notenkonto	404
notenloop	404
notenly	404
notenlab	404
notenmeister	404
notennord	404
notenmind	404
notennorth	404
notenpath	404
notenos	404
notenpeak	404
notenpilotin	404
notenpuls	404
notenradar	404
notenrise	404
notenscope	404
notenscore	404
notensphere	404
notenstar	404
notensync	404
notentracker	404
notenpilot	429
notenway	404
notenverse	404
orbitkompass	404
peakkompass	404
polarkompass	404
polarscore	404
prepkompass	404
pulsekompass	404
primekompass	404
punktbase	404
punktboost	404
punktboard	404
punktdeck	404
punktcore	404
punktdesk	404
punktflow	404
punktforge	404
punktgrade	404
punkthub	404
punktkit	404
punktkonto	404
punktkompass	404
punktlab	404
punktloop	404
punktnest	404
punktmind	404
punktnorth	404
punktpath	404
punktpeak	404
punktpilot	404
punktrise	404
punktscope	404
punktscore	404
punktsphere	404
punktstar	404
punktsync	404
punktverse	404
punktway	404
risekompass	404
scholaboard	404
scholaboost	404
scholacore	404
scholadeck	404
scholagrade	404
scholakompass	404
scholaloop	404
scholanest	404
scholanorth	404
scholapath	404
scholapeak	404
scholapilot	404
scholarkompass	404
scholasync	404
scholaverse	404
scholastar	404
schulboost	404
schulbase	200
schuldeck	404
schulcockpit	404
schulforge	404
schuldesk	404
schulkit	404
schulgrade	404
schullab	404
schulloop	404
schulmind	404
schulnest	404
schulnord	404
schulkosmos	404
schulos	404
schulnorth	404
schulpath	404
schulpeak	404
schulpuls	404
schulscope	404
schulscore	404
schulrise	404
schulsphere	404
schulstar	404
schulverse	404
schulway	404
stellaboard	404
sparkkompass	404
stellagrade	404
stellakompass	404
stellaloop	404
stellaio	404
stellapeak	404
stellascore	404
studykompass	404
summitgrade	404
summitkompass	404
tagkompass	404
taktboost	404
taktcore	404
taktdeck	404
taktdesk	404
taktforge	404
taktgrade	404
taktkompass	404
taktnest	404
taktmind	404
taktnorth	404
taktpath	404
taktpeak	404
taktrise	404
taktscope	404
taktpilot	404
taktscore	404
taktsphere	404
taktstar	404
taktsync	404
thrivegrade	404
taktverse	404
thrivekompass	404
vaultkompass	404
vegakompass	404
vegagrade	404
vigordeck	404
vigordesk	404
vigorgrade	404
vigorkompass	404
vigornorth	404
zielbase	404
zielboost	404
zielboard	404
zieldeck	404
zielcore	404
zieldesk	404
zielflow	404
zielgrade	404
zielio	404
zielkit	404
zielloop	404
zielmind	404
zielnest	404
zielpath	404
zielnorth	404
zielpeak	404
zielpilot	404
zielrise	404
zielscope	404
zielscore	404
zielstar	404
zielsphere	404
zielsync	404
zielway	404
zielverse	404
