altigrad	404
altimind	200
akmeo	200
altilux	200
alticore	200
abeo	200
acumen	200
altimens	200
altio	200
altisol	200
altivia	200
altirise	200
altinova	200
altipeak	200
altipath	200
altiria	200
apexia	200
animo	200
apexar	200
apexa	200
apexeo	200
apexix	200
apexus	200
apexo	200
apexora	200
apexly	200
areta	200
ardeo	200
alumni	200
apexio	200
astracore	200
astara	200
ascent	200
ascendo	200
aspira	200
ascela	200
astragrad	404
astra	200
astraria	200
astramind	200
astrapath	200
astramens	404
astralux	200
astranova	200
astrapeak	200
astravia	200
astrio	200
astrasol	200
aurea	200
beama	200
azimo	200
beamia	200
astrarise	200
beamr	200
beamo	200
beamix	200
beamly	200
beamio	200
blicco	404
blickia	200
blicka	200
blickio	404
bloomio	200
bloomia	200
blicko	200
bloomix	200
bloomo	200
bloomly	200
bloomr	200
blooma	200
brightly	200
brio	200
celerar	200
celeria	200
celereo	200
celerio	200
celera	200
celero	200
celerix	200
celerus	200
clara	200
clarcore	200
clarar	200
claragrad	404
claraura	404
clarem	200
clargrad	404
clareo	200
claria	200
claritas	200
clarix	200
clarize	200
clarlux	200
clarmens	404
clario	200
clarmind	200
claro	200
clarnova	200
clarora	200
clarpath	200
clarpeak	404
clarria	200
clarrise	200
celerora	200
clarsol	200
clarus	200
corely	200
cogita	200
clarvia	200
corer	200
cresca	200
crescent	200
crescar	200
cortexo	200
cresceo	200
crescia	200
crescio	200
crescix	200
crescus	200
crescora	200
cresco	200
crestia	200
cresta	200
crestio	200
cresto	200
crestix	200
culma	200
culmar	200
culmia	200
culmeo	404
culmio	200
culmix	200
crestr	200
culmo	200
culmora	200
currio	200
culmus	200
disca	200
discar	200
disceo	200
discia	200
discio	200
discix	200
disco	200
edgely	200
discora	200
discus	200
doceo	200
elano	200
edger	200
elevo	200
eruda	200
eluma	200
faro	200
eudia	200
floro	200
gipfia	404
gipfa	200
gipfio	404
gipfo	200
glanzio	200
glanzia	200
glanzo	200
gnosa	200
gradcore	200
gradar	200
gradeo	200
gradaura	200
glanza	200
gradia	200
gradgrad	200
grada	200
gradio	200
gradix	200
gradmens	404
gradize	200
gradmind	200
gradnova	200
grado	200
gradpath	200
gradpeak	200
gradora	200
gradrise	200
gradria	404
gradlux	404
gradsol	200
gradus	200
gradvia	200
gritix	200
gritio	200
gritia	200
grita	200
gritly	200
grito	200
impeto	200
gritr	200
ingenia	200
iterar	200
itera	200
iteria	200
itereo	200
ingenio	200
iterix	200
iterio	200
keena	200
iterora	200
keenio	200
keenix	200
keenia	200
iterus	200
keenly	200
itero	200
klarvia	200
klara	200
kineo	200
keenr	200
klaria	200
klaro	200
klario	200
klasso	200
kosmeo	200
kosmocore	404
klimbo	200
kosmolux	200
kosmograd	200
kosmo	200
keeno	200
kosmonova	200
kosmopath	404
kosmomind	404
kosmopeak	404
kosmorise	404
kosmoria	200
kosmosol	200
kursa	200
kresko	200
kosmovia	404
kurso	200
kursia	200
lecto	200
kosmomens	404
logosia	200
logosa	200
loftio	200
logosio	200
kursio	200
logosix	200
logosos	200
logoso	200
luca	200
lucar	200
lucent	200
luceo	200
lucideo	200
lucia	200
lucidar	200
lucida	200
lucidia	200
lucidio	200
lucidix	200
lucio	200
lucidus	200
lucido	200
lucidora	200
lucix	200
lucus	200
luco	200
lucora	200
lumara	200
lumigrad	404
lumeo	200
lumicore	200
lumia	200
lumilux	200
lumimens	200
lumipeak	200
lumio	200
luminova	200
lumimind	200
luminar	200
lumipath	200
lumira	200
lumiria	200
luxio	200
luxara	200
lumivia	200
lumirise	200
luxa	200
lyrae	200
lyceo	200
lumisol	200
magna	200
magio	200
mathea	200
memora	200
magi	200
mathio	200
maturo	200
mensar	200
mensia	200
menseo	200
menso	200
mensix	200
mensa	200
mentio	200
mensus	200
mentis	200
menta	200
mensora	200
mericore	200
merigrad	404
merilux	200
merimens	404
merimind	200
meripeak	200
meriria	404
meririse	404
merisol	200
merita	200
meritu	200
merinova	200
meritura	200
mensio	200
merko	200
merkio	200
merkia	200
meripath	200
mindia	200
minda	200
mindio	200
mindix	200
mindo	200
mindr	200
neocore	200
neograd	200
mnemo	200
neolux	200
neomens	200
metar	200
merka	200
merivia	200
neopath	200
neorise	200
neoria	200
nordo	200
nimbo	200
neopeak	200
noeo	200
northa	200
neonova	200
northio	200
northix	200
neosol	200
neomind	200
notagrad	404
northo	200
notamens	404
notamind	200
notanova	200
neovia	200
notapeak	404
notara	200
notacore	200
notalux	200
notarise	200
notasol	200
notaria	200
notavi	200
notavia	200
notea	200
novacrest	200
novacore	200
novagrad	200
novamens	200
novamind	200
novanova	200
notapath	200
novalux	200
novapath	200
novapeak	200
northia	200
novaria	200
novarise	200
novasol	200
novavia	200
novara	200
orbita	200
optima	200
notira	200
paidea	200
notello	200
pathia	200
pathio	200
pathix	200
pathr	200
peakia	200
peakio	200
patho	200
novum	200
peaka	200
peakix	200
peako	200
peakly	200
pensa	200
phario	200
phosio	200
penso	200
peakr	200
phosia	200
phosa	200
patha	200
phosos	200
pola	200
polaris	200
polaro	200
polia	200
polar	200
phoso	200
polio	200
poleo	200
polus	200
polora	200
prima	200
portus	200
orbio	200
primely	200
primar	200
primeo	200
primer	200
primora	200
polix	200
primia	200
phosix	200
questia	200
questa	200
primio	200
questix	200
questio	200
questo	200
questr	200
reifa	200
reifia	200
polo	200
reifio	200
risely	200
quindo	200
riser	200
sager	200
sagely	200
sapeo	200
sapia	200
primo	200
sapicore	200
sapilux	200
sapimens	404
sapimind	404
sapigrad	404
sapinova	200
reifo	200
sapipath	404
sapiria	200
sapipeak	404
sapio	200
primus	200
sapivia	200
scala	200
scanda	200
scandeo	200
scandar	200
sapirise	200
scaleo	200
sapisol	200
scando	200
scandia	200
scandix	200
scandio	200
scholar	200
schocore	404
schograd	404
sapira	200
scholia	200
scholio	200
scholix	200
schola	200
scholus	200
scholo	200
scholeo	200
scholux	200
scandus	200
scholora	200
schomens	200
schomind	404
schonova	404
schopath	404
schopeak	404
schosol	404
scopely	200
schoria	404
schovia	200
skola	200
sirio	200
scolux	200
scoper	200
skolar	200
primix	200
skopo	200
schorise	200
sola	200
solia	200
solio	200
solnova	200
solar	200
solara	200
solo	200
solora	200
solus	200
soluma	200
sopha	200
skora	200
soleo	200
solix	200
sophaura	200
sophcore	200
scandora	200
sophlux	200
sophmind	200
sophmens	404
sophize	200
sopho	200
sophpath	404
sophpeak	404
sophix	200
sophrise	404
sophria	200
sophsol	200
sophvia	200
sophos	200
sophio	200
sparkia	200
sparkix	200
sophnova	200
sophora	200
sparkr	200
sophia	200
spurio	200
steila	200
spura	200
spuria	200
steilia	404
sparka	200
steilo	200
sparkio	200
steilio	404
stelio	200
stellar	200
sparko	200
studo	200
summa	200
summeo	200
summicore	200
spuro	200
summigrad	404
studia	200
summia	200
summimens	404
summar	200
summinova	404
summimind	404
summipeak	404
summio	200
summirise	404
summo	200
summivia	404
summisol	404
summix	200
summora	200
surga	200
swifta	200
summus	200
summilux	200
swiftio	200
summiria	404
summipath	404
swiftix	200
swiftr	200
teleo	200
telosia	200
telosio	200
telosos	200
thrively	200
telosix	404
telosa	200
telos	200
swifto	200
vela	200
vantage	200
vektar	200
velacore	200
velalux	200
velamind	200
velamens	404
velanova	200
teloso	200
velagrad	404
swiftia	200
velarise	200
velapath	200
velavia	200
velasol	200
velar	200
velaria	200
thriver	200
verigrad	200
vericore	200
verimens	404
verilux	200
verinova	200
veripeak	200
verisol	200
verta	200
veriria	200
veripath	200
velapeak	200
verivia	200
vertia	200
verto	200
vertar	200
vertix	200
viato	200
vertus	200
vertora	200
vertio	200
veririse	200
vivace	200
vivida	200
vividio	200
vividix	200
verimind	200
viara	200
vigora	200
vividr	200
vivido	200
volaro	200
wissena	200
vividia	200
zenit	200
wisseno	404
zenith	200
zielia	200
ziela	200
zenita	200
wissenio	404
verteo	200
wissenia	404
zielio	404
vividly	200
zielo	200
