abiapp	200
abaco	200
abibase	200
abicockpit	404
abiboost	404
abicore	200
abiforge	200
abideck	404
abidesk	200
abiio	200
abigrade	404
abikit	200
abiboard	200
abihub	200
abiheld	404
abimind	404
abinorth	404
abikompass	200
abiloop	404
abios	200
abiflow	200
abipath	404
abipfad	404
abipeak	404
abira	200
abiradar	404
abiscope	200
abilab	200
abiscore	200
abinest	200
abirise	404
abiready	404
abisync	404
abisphere	200
abistar	200
abipilot	200
acebase	200
abizeit	404
abily	200
aceboard	200
aceapp	200
aceflow	200
abiverse	200
acegrade	200
acedeck	200
acecore	200
aceio	200
acekompass	404
abiway	200
acelab	200
aceforge	200
acely	200
acenest	200
acedesk	200
acehub	200
aceboost	200
acemind	200
acenorth	200
aceon	200
acepath	200
acepeak	200
acepilot	200
acescope	200
acekit	200
aceloop	200
acesphere	200
acesync	200
aceverse	200
aceway	200
altura	200
aceos	200
acme	200
apexbase	200
acescore	200
apexcore	200
animo	200
acerise	200
apexapp	200
acestar	200
apexdeck	200
apexflow	200
apexdesk	200
apexhub	200
apexforge	200
apexkit	200
apexio	200
apexloop	200
apexnest	200
apexboard	200
apexly	200
apexmind	200
apexos	200
apexpath	200
apexboost	200
apexkompass	404
apexpeak	200
apexnorth	200
apexgrade	200
apexscore	200
apexscope	200
apexsphere	200
apexverse	200
apexrise	200
apexpilot	200
arete	200
apexstar	200
areteapp	200
aretecore	200
areteboard	404
aretedeck	404
aretebase	200
areteboost	404
aretedesk	404
apexway	200
apexlab	200
apexsync	200
aretegrade	404
aretekit	404
aretelab	200
aretely	200
aretekompass	404
aretemind	200
areteloop	404
aretenest	404
aretepath	200
areteio	404
aretenorth	200
aretehub	200
areteforge	200
areteos	200
areteflow	200
areterise	404
aretestar	404
aretescore	404
areteverse	200
areteway	200
ascendapp	200
aretepeak	200
aretescope	404
aretepilot	404
aretesphere	200
ascendcore	200
ascendboard	200
aretesync	200
ascenddeck	404
ascendforge	200
ascendgrade	404
ascendhub	200
ascenddesk	200
ascendkompass	404
ascendio	200
ascendloop	200
ascendmind	200
ascendbase	200
ascendkit	200
ascendlab	200
ascendly	200
ascendflow	200
ascendos	200
ascendboost	200
ascendpeak	200
ascendnorth	200
ascendsphere	200
ascendpilot	200
ascendstar	200
ascendsync	200
ascendscope	200
ascendnest	200
ascendway	200
astera	200
ascendverse	200
atlasbase	200
ascendpath	200
ascendscore	200
ascendrise	200
atlasboost	200
atlascore	200
atlasboard	200
atlasdeck	200
astrio	200
atlasforge	200
atlasflow	200
atlasapp	200
atlashub	200
atlaskompass	200
atlasgrade	404
atlaskit	200
atlaslab	200
atlasio	200
atlasmind	200
atlasnorth	200
atlasnest	200
atlaso	200
atlasdesk	200
atlaspath	200
atlasly	200
atlasos	200
atlaspeak	200
atlasscope	200
atlasrise	200
atlasstar	200
atlaspilot	200
augeo	200
atlassphere	200
atlasverse	200
bloomapp	200
bloombase	200
axio	200
atlasscore	200
bloomcore	200
bloomboost	200
bloomboard	200
atlasway	200
atlassync	200
bloomdeck	200
bloomforge	200
atlasloop	200
bloomhub	200
bloomgrade	200
bloomkompass	200
bloomio	200
bloomkit	200
bloomflow	200
bloommind	200
bloomly	200
bloomnest	200
avero	200
bloomlab	200
bloomos	200
bloompeak	200
bloomnorth	200
bloomdesk	200
bloomrise	200
bloomo	200
bloompath	200
bloomscope	200
bloomsphere	200
bloomverse	200
bloomstar	200
brainapp	200
boosta	200
bloomscore	200
brainboost	200
brainbase	200
bloompilot	200
bloomway	200
braindeck	200
brainforge	200
brainhub	200
brainflow	200
brainboard	200
braingrade	200
brainio	200
brainkit	200
bloomloop	200
brainkompass	404
brainmind	200
brainly	200
brainlab	200
braindesk	200
brainnest	200
braincore	200
brainloop	200
brainnorth	404
brainscope	200
brainpath	200
brainpilot	200
brainsphere	200
brainsync	200
brainverse	200
brainway	200
brainpeak	200
brainscore	200
brainrise	200
campra	200
campusapp	200
campusbase	200
campusboost	200
campusboard	200
brainstar	200
campusdeck	200
campuscore	200
campusdesk	200
campusflow	200
bloomsync	200
brainos	200
campusio	200
campushub	200
campuslab	200
campuskit	200
campusloop	200
campusforge	200
campusos	200
campusnorth	200
campusnest	200
campuskompass	404
campusmind	200
campuspath	200
campusscope	200
campuspilot	200
campussphere	200
campussync	200
campuspeak	200
campusscore	200
campusstar	200
clarapp	200
campusway	200
clarbase	404
campusrise	200
clarboard	200
clarcore	200
clarboost	404
clardeck	404
campusverse	200
clardesk	404
clarforge	200
clargrade	404
campusgrade	200
clarflow	200
clarkit	200
clarkompass	404
clarlab	200
clarhub	404
clario	200
clarmind	200
clarly	200
clarnorth	200
clarnest	200
clarpath	200
clarpeak	404
clarscope	404
claros	200
clarloop	404
clarrise	200
clarsphere	404
clarstar	404
clarpilot	404
campusly	200
clavo	200
clarverse	404
crista	200
crefo	200
corely	200
edgeapp	200
edgeboard	200
codexa	200
edgebase	200
clarscore	200
edgeboost	200
discio	200
clarsync	200
edgedeck	200
edgedesk	200
edgeflow	200
clarway	200
edgehub	200
edgeforge	200
edgekit	200
edgekompass	404
edgelab	200
edgeloop	200
edgeio	200
edgemind	200
edgenorth	200
edgepeak	200
edgely	200
edgepath	200
edgenest	200
edgegrade	200
edgepilot	200
edgerise	200
edgescore	200
edgescope	200
edgestar	200
edgesync	200
edgesphere	200
edgio	200
edgeway	200
elanbase	200
elanboard	404
elancore	200
elanboost	404
elandeck	404
elandesk	200
elanforge	200
elanflow	200
elangrade	404
elanhub	200
elanio	200
elankompass	404
edgeos	200
elanlab	200
elanloop	404
elankit	404
elannest	200
elannorth	404
elanapp	200
elanos	200
elanpath	200
elanpeak	404
elanpilot	404
elanrise	200
elanscore	404
elansphere	200
edgeverse	200
elanly	200
elansync	404
elanmind	200
elanway	200
floro	200
fokusapp	200
elanverse	200
elanscope	404
fokusboard	404
fluxo	200
fokusbase	404
edgecore	200
fokusdesk	200
fokusflow	200
elanstar	200
fokushub	200
fokuscore	404
fokusio	200
fervo	200
fokuskompass	200
fokuslab	200
fokusly	200
fokuskit	200
fokusmind	200
fokusloop	404
fokusboost	404
fokusnest	200
fokusnorth	200
fokusos	200
fokuspeak	404
fokusscope	404
fokusdeck	404
fokuspilot	404
fokuspath	404
fokusstar	404
fokusscore	404
fokusverse	404
fokusway	404
foliox	200
forgebase	200
fokusforge	200
fokussphere	404
fokusrise	404
forgeboost	200
forgecore	200
forgeflow	200
forgedesk	200
forgeapp	200
fokusgrade	404
forgeboard	200
fokussync	404
forgedeck	200
forgehub	200
forgekompass	404
forgeforge	200
forgely	200
forgeloop	200
forgenorth	200
forgeo	200
forgeos	200
forgekit	200
forgepath	200
forgelab	200
forgeio	200
forgepilot	200
forgemind	200
forgescore	200
forgesphere	200
forgerise	200
forgenest	200
forgesync	200
forgescope	200
forgestar	200
forgeverse	200
gradebase	200
gipfelo	404
forgeway	200
futura	200
gradeboost	200
gradeboard	200
gradecore	200
gradedeck	200
gradedesk	200
gradeforge	200
gradeflow	200
gradegrade	200
gradehub	200
gradelab	200
gradekompass	404
gradeapp	200
grademind	200
gradely	200
gradeloop	200
forgegrade	404
gradenest	200
gradeos	200
gradekit	200
gradepeak	200
gradepilot	200
gradera	200
gradenorth	404
gradescore	200
graderise	200
gradestar	200
gradesync	200
gradeverse	200
gradeway	200
gradusapp	200
forgepeak	200
gradeio	200
gradusbase	404
gradesphere	200
gradia	200
gradusdeck	404
gradusboard	404
gradusflow	404
gradescope	200
gradepath	200
graduskit	404
gradusforge	404
gradusgrade	404
gradusio	404
graduskompass	404
gradusdesk	404
graduslab	404
gradusboost	404
gradusly	200
gradusloop	404
gradusnest	404
gradusos	404
graduspilot	404
gradushub	200
gradusnorth	404
gradusrise	404
gradusscope	404
graduscore	200
gradusscore	404
gradussync	404
graduspath	200
gradussphere	404
graduspeak	404
gradusverse	404
gradusmind	404
heliobase	200
grovo	200
helioapp	200
helioboost	200
heliodeck	200
gradusstar	404
gradusway	404
helioforge	200
helioflow	200
helioio	404
heliograde	404
heliohub	200
heliokompass	404
heliokit	404
heliolab	200
helioboard	200
heliomind	200
helionest	200
heliodesk	200
helionorth	404
heliorise	200
heliopath	200
helioloop	200
helioly	200
heliopeak	200
heliopilot	200
helioscore	200
heliocore	200
heliosphere	200
helioscope	200
helioway	200
honorapp	200
honorboard	200
honora	200
helioverse	200
honorcore	200
honordesk	404
honordeck	404
helioos	200
heliostar	200
honorbase	200
heliosync	200
honorforge	200
honorhub	200
honorio	200
honorkit	200
honorly	200
honorgrade	200
honorkompass	404
honorloop	200
honorflow	200
honormind	200
honorpath	200
honoros	200
honornest	404
honorpeak	200
honorpilot	200
honorscope	200
honorrise	200
honorsphere	200
honorlab	200
hubly	200
honorsync	404
honorverse	200
honorboost	200
honornorth	404
indexa	200
honorscore	200
itera	200
ignis	200
kaizenboost	200
kaizenbase	200
kaizenapp	200
kaizendeck	200
kaizenflow	200
honorstar	200
kaizendesk	200
ikigai	200
kaizenboard	200
kaizenforge	200
honorway	200
kaizenio	200
kaizengrade	404
kaizenkompass	404
kaizencore	200
kaizenlab	200
kaizenloop	200
kaizenly	200
kaizennest	200
kaizenos	200
kaizenpath	200
kaizenpeak	200
kaizennorth	404
kaizenhub	200
kaizenscore	200
kaizenscope	404
kaizenstar	200
kaizenrise	200
kaizenverse	200
kaizensync	200
kaizenkit	200
kineo	200
kogni	200
kaizenway	200
kalku	200
kogniapp	200
kerno	200
kognideck	404
kognibase	200
kogniboard	404
kogniboost	404
kaizensphere	200
kognicore	200
kognidesk	404
kogniio	404
kognigrade	404
kognikit	404
kogniflow	200
kaizenpilot	200
kognilab	200
kognily	404
kogninest	404
kogniforge	404
kognihub	200
kogninorth	404
kognipath	404
kognipilot	404
kognios	404
kognimind	404
kognipeak	404
kognirise	404
kognistar	404
kogniverse	200
kogniloop	200
kognikompass	404
kogniscope	404
kaizenmind	200
kopfboard	404
kogniway	404
kopfboost	404
kopfdeck	404
kopfflow	404
kopfdesk	404
kopfcore	404
kopfbase	404
kopfapp	404
kogniscore	404
kopfio	404
kopfkit	404
kognisync	200
kopfforge	404
kopfkompass	200
kopflab	200
kopfloop	404
kognisphere	404
kopfnest	200
kopfnorth	404
kopfos	200
kopfpath	404
kopfpeak	404
kopfmind	404
kopfgrade	404
kopfrise	404
kopfhub	404
kopfpilot	404
kopfverse	404
kopfway	404
kopfly	404
kosmera	200
kosmosapp	200
kortex	200
kopfstar	404
kosmosboard	200
kosmosbase	200
kosmosdesk	404
kosmosboost	404
kosmosdeck	404
kopfsync	404
kosmosflow	200
kosmosforge	404
kosmoscore	404
kosmoshub	200
kopfsphere	404
kosmosgrade	404
kosmoskit	404
kosmoslab	200
kosmosloop	404
kosmosly	200
kosmosio	404
kosmosnorth	404
kosmosnest	404
kosmoskompass	404
kopfscope	404
kosmospeak	404
kopfscore	404
kosmospilot	404
kosmospath	200
kosmosrise	404
kosmossync	404
kosmosscore	404
kosmosstar	200
kosmosscope	404
kresco	200
kosmosverse	200
kosmosos	200
kosmosway	200
kosmosmind	200
kosmossphere	404
kursbase	200
kursdeck	404
kursboard	404
kursboost	404
kurscore	404
kursflow	200
kursdesk	404
kursforge	404
kurshub	200
kursgrade	404
kursapp	200
kursio	200
kurskompass	200
kurslab	200
kursly	200
kursloop	404
kursnorth	404
kursnest	404
kurspath	404
kurspilot	200
kurspeak	404
kursos	200
kursmind	404
kursstar	404
kurssync	404
kurssphere	404
kursscore	404
kurskit	200
laurelapp	200
kursway	404
laurelbase	200
kursscope	404
kursrise	404
laurelflow	404
laureldesk	200
laurelforge	404
laurelboost	404
laurelhub	200
laurelkit	200
laurelio	200
laurelkompass	404
kursverse	404
laurelgrade	404
laurellab	200
laureldeck	404
laurelnest	200
laurelnorth	200
laurea	200
laurelloop	200
laurelly	200
laurelmind	404
laurelrise	200
laurelpilot	200
laurelcore	200
laurelscore	404
laurelpath	200
laurelscope	404
laurelos	200
laurelstar	200
laurelsync	404
laurelway	200
lernapp	200
lernboost	200
lernboard	200
laurelsphere	404
lerncockpit	200
lerndeck	404
lerndesk	200
lernforge	404
laurelpeak	200
lernbase	200
laurelverse	404
lerngipfel	404
lernhub	200
lernio	200
laurelboard	200
lernlab	200
lernkit	200
lerncore	404
lernkompass	200
lernloop	200
lernnest	200
lerngrade	404
lernnorth	404
lernos	200
lernpilot	200
lernpeak	404
lernpath	200
lernly	200
lernpuls	200
lernscore	404
lernmind	404
lernheld	200
lernflow	200
lernsync	404
lernway	200
lernverse	404
lernpfad	200
lernscope	200
levelbase	200
lernsphere	404
levelboard	200
lernstar	200
levelcore	200
levelboost	200
levelflow	200
levelforge	200
lernrise	200
leveldesk	200
levelhub	200
levelio	200
levelapp	200
lernzeit	200
levelloop	200
leveldeck	200
levelkompass	404
levellab	200
levelnorth	200
levelos	200
levelkit	200
levelpath	200
levelpilot	200
levelly	200
levelscope	200
levelnest	200
levelstar	200
levelscore	200
levelverse	200
levelo	200
levelgrade	200
levelmind	200
levelsync	200
loftio	200
lumenbase	200
levelpeak	200
lumenapp	200
levelrise	200
lumencore	200
lumenboard	200
lumenflow	200
lumengrade	200
lumenhub	200
lumendesk	200
lumenkit	200
levelway	200
lumendeck	200
lumenkompass	404
lumenloop	200
lumenmind	200
lumennorth	200
lumenlab	200
lumenos	200
lumenpath	200
lumenio	200
lumenpilot	200
lumenly	200
lumennest	200
lumenboost	200
lumensphere	200
lumenstar	200
lumenforge	200
levelsphere	200
lumenpeak	200
lumenrise	200
lumenway	200
lumensync	200
markio	200
maturo	200
mensaapp	200
mensaboard	404
lumenscore	200
lumenscope	200
mensabase	404
mensaboost	404
mensadeck	404
lumenverse	200
mensagrade	404
mensahub	200
mensadesk	200
mensaio	404
mensakompass	404
mensacore	200
mensalab	200
mensaloop	404
mensakit	404
mensaforge	404
mensaflow	200
mensanest	404
mensamind	200
mensanorth	404
mensaly	200
mensaos	404
mensapath	404
mensapeak	404
mensarise	404
mensascore	404
mensasphere	404
mensastar	404
mensapilot	404
mensascope	404
mensasync	404
mensaverse	200
mentis	200
mensaway	404
merita	200
meritapp	200
meritbase	200
meritcore	200
meritboost	200
meritboard	200
meritdeck	200
meritdesk	200
meritflow	200
meritforge	200
meritkit	200
merithub	200
meritio	200
meritgrade	200
meritkompass	404
meritly	200
meritloop	200
meritnorth	200
meritmind	200
meritnest	200
meritpath	200
meritos	200
meritlab	200
meritpilot	200
meritpeak	200
meritrise	200
meritscope	200
meritsphere	200
meritstar	200
meritway	200
meritverse	200
metae	200
mindapp	200
miloa	200
mindboost	200
mindcore	200
mindbase	200
minddeck	200
mindflow	200
mindboard	200
mindio	200
mindhub	200
mindkit	200
mindforge	200
mindgrade	200
mindlab	200
mindkompass	200
mindloop	200
meritscore	200
meritsync	200
mindmind	200
mindnest	200
mindpath	200
mindnorth	200
mindos	200
mindrise	200
mindscope	200
mindscore	200
mindpeak	200
mindpilot	200
mindra	200
mindsphere	200
mindverse	200
mindsync	200
mindstar	200
momentumboost	200
momentumboard	200
momentumapp	200
momentumbase	200
mindly	200
momenta	200
momentumdesk	200
momentumcore	200
momentumdeck	404
momentumflow	200
momentumforge	200
momentumio	200
momentumgrade	404
momentumkit	200
momentumhub	200
momentumly	200
momentummind	200
momentumloop	200
momentumnest	200
mindway	200
momentumkompass	404
momentumlab	200
momentumnorth	200
momentumos	200
momentumpilot	200
momentumpeak	200
momentumscope	200
minddesk	200
momentumscore	200
momentumrise	200
momentumpath	200
momentumstar	200
momentumsync	200
momentumway	200
momentumverse	200
momentumsphere	200
morgo	200
neura	200
nexora	200
nexusapp	200
nexusbase	200
nexusboard	200
nexusboost	200
nexuscore	200
nexusflow	200
nexusdesk	200
nexusforge	200
nexushub	200
nexuskit	200
nexuskompass	404
nexuslab	200
nexusloop	200
nexusgrade	404
nexusly	200
nexusio	200
nexusnest	200
nexusdeck	200
nexusnorth	200
nexuspeak	200
nexusos	200
nexuspath	200
nexuspilot	200
nexusscore	200
nexusrise	200
nexusscope	200
nexussphere	200
nexusstar	200
nexussync	200
nexusverse	200
nexusway	200
noeto	200
northapp	200
northbase	200
nexusmind	200
northboard	200
northcore	200
northboost	200
northdeck	200
northdesk	200
northforge	200
northgrade	200
northflow	200
northio	200
northhub	200
northkit	200
northkompass	200
northloop	200
northnorth	200
northmind	200
northos	200
northly	200
northnest	200
northlab	200
northpath	200
northrise	200
northpilot	200
northscore	200
northscope	200
northsphere	200
northstar	200
northsync	200
northpeak	200
northverse	200
notara	200
notenbase	404
northway	200
notenboard	404
notencockpit	404
notenboost	404
notendesk	404
notendeck	404
notencore	404
notenforge	404
notenflow	404
notengrade	404
notenheld	404
notenapp	200
notenklar	404
notenio	404
notenhub	404
notenkompass	404
notenly	404
notenlab	404
notenkonto	404
notenmeister	404
notenloop	404
notenkit	404
notenmind	404
notennest	200
notenpilotin	404
notennord	404
notenpeak	404
notennorth	404
notenpath	404
notenpilot	404
notenpuls	404
notenradar	404
notenrise	404
notenstar	404
notenscope	404
notenscore	404
notensphere	404
notentracker	404
notensync	404
notenverse	404
notenos	404
notly	200
novaapp	200
notenway	404
novabase	200
novaboard	200
novaboost	200
novacore	200
novadeck	200
novagrade	200
novaflow	200
novaforge	200
novakit	200
novahub	200
novaio	200
novakompass	200
novaly	200
novaloop	200
novanest	200
novamind	200
novanorth	200
novaos	200
novalab	200
novapath	200
novapeak	200
novarise	200
novascope	200
novascore	200
novapilot	200
novasphere	200
novasync	200
novastar	200
novadesk	200
novexo	200
novaway	200
novaverse	200
orbitapp	200
orbitbase	200
omnia	200
orbitboost	200
orbitdesk	200
orbitdeck	200
orbitcore	200
orbitgrade	200
orbithub	200
orbitflow	200
orbitforge	200
orbitkit	200
orbitkompass	404
orbitio	200
orbitmind	200
orbitlab	200
orbitly	200
orbitloop	200
orbitnest	200
orbitnorth	200
orbitrise	200
orbitpath	200
orbitpeak	200
orbitscore	200
orbitpilot	200
orbitboard	200
orbitstar	200
orbitsphere	200
orbitscope	200
orbitsync	200
orbitverse	200
ordo	200
passu	200
peakapp	200
peakboost	200
peakcore	200
peakboard	200
orbitos	200
peakflow	200
peakdesk	200
peakdeck	200
peakforge	200
peakgrade	200
peakbase	200
peakhub	200
peakkit	200
peakio	200
peakkompass	404
peaklab	200
orbitway	200
peakly	200
peakmind	200
peakpath	200
peaknest	200
peakpeak	200
peaknorth	200
peakos	200
peakpilot	200
peakrise	200
peakloop	200
peakscope	200
peakscore	200
peakstar	200
peakverse	200
peaksphere	200
peakway	200
pensa	200
planboard	200
planapp	200
plancore	200
planboost	200
plandeck	200
peaksync	200
plandesk	200
planforge	200
plangrade	200
planhub	200
planflow	200
planbase	200
planio	200
plankit	200
plankompass	200
plannest	200
planlab	200
planmind	200
plannorth	200
planpath	200
planpilot	200
planpeak	200
planrise	200
planloop	200
planscope	200
planly	200
planscore	200
plansphere	200
planstar	200
planverse	200
polarapp	200
planway	200
polarbase	200
polarboost	200
polarboard	200
polarcore	200
polardeck	200
polarflow	200
planos	200
plansync	200
polarforge	200
polargrade	200
polario	200
polarlab	200
polarloop	200
polarkompass	404
polarly	200
polarmind	200
polaros	200
polarpath	200
polarnest	200
polarkit	200
polarpeak	200
polarscope	200
polarrise	200
polarpilot	200
polarscore	404
polarhub	200
polarverse	200
polarsync	200
polarstar	200
polarway	200
polarsphere	200
prepapp	200
polarnorth	200
prepbase	200
prepdesk	200
prepboost	200
polardesk	200
prepboard	200
prepdeck	200
prepcore	200
prepflow	200
prepforge	200
prepkompass	404
prephub	200
prepio	200
prepkit	200
preploop	200
preply	200
prepnest	200
preplab	200
prepmind	200
preppath	200
prepnorth	200
prepos	200
preppeak	200
preppilot	200
preprise	200
prepscope	200
prepstar	200
prepsync	200
primeapp	200
prepway	200
prepverse	200
primeboard	200
prepsphere	200
prepgrade	200
prepscore	200
primeboost	200
primecore	200
primedeck	200
primedesk	200
primeflow	200
primebase	200
primegrade	200
primekompass	404
primella	200
primelab	200
primekit	200
primeforge	200
primehub	200
primeloop	200
primely	200
primenest	200
primeos	200
primepath	200
primepeak	200
primerise	200
primepilot	200
primenorth	200
primescore	200
primestar	200
primesphere	200
primesync	200
primescope	200
primeway	200
pulsebase	200
pulsa	200
pulseboard	200
primemind	200
pulseboost	200
pulsecore	200
pulseflow	200
pulsedesk	200
pulseapp	200
primeio	200
pulsedeck	200
pulseforge	200
pulseio	200
pulsehub	200
pulsegrade	200
pulsekit	200
pulsekompass	404
pulselab	200
pulseloop	200
pulsemind	200
pulsely	200
primeverse	200
pulsenest	200
pulseos	200
pulsenorth	200
pulsepath	200
pulsepeak	200
pulsepilot	200
pulsescope	200
pulsescore	200
pulserise	200
pulsestar	200
pulsesync	200
pulsesphere	200
pulseverse	200
punktbase	404
punktapp	200
pulseway	200
punktboard	404
punktcore	404
punktdeck	404
punktdesk	404
punktgrade	404
punktflow	404
punktforge	404
punkthub	404
punktio	200
punktboost	404
punktkompass	404
punktlab	404
punktkonto	404
punktkit	404
punktnest	404
punktly	200
punktmind	404
punktnorth	404
punktpath	404
punktpeak	404
punktscope	404
punktrise	404
punktscore	404
punktstar	404
punktos	200
punktway	404
punktverse	404
punktsphere	404
punktloop	404
quindo	200
quinta	200
punktpilot	404
punktsync	404
riseapp	200
risebase	200
quanta	200
riseboost	200
riseboard	200
risecore	200
risedesk	200
risedeck	200
riseflow	200
risehub	200
riseio	200
risegrade	200
riselab	200
riseloop	200
risekit	200
risekompass	404
risely	200
risenest	200
risemind	200
risenorth	200
risepeak	200
risepath	200
riseos	200
riserise	200
risepilot	200
risescope	200
risestar	200
risesync	200
risesphere	200
risescore	200
riseverse	200
riseway	200
ritmo	200
riseforge	200
scholabase	200
scholaapp	200
scholaboost	404
scholaboard	404
scholacore	404
scholadeck	404
scholahub	200
scholaio	200
scholaflow	200
scholagrade	404
scholakompass	404
scholamind	200
scholadesk	200
scholaloop	404
scholalab	200
scholaly	200
scholanest	404
scholaforge	200
scholaos	200
scholanorth	404
scholapeak	404
scholapilot	404
scholapath	404
scholarapp	200
scholardeck	200
scholardesk	200
scholarboost	200
scholarboard	200
scholarcore	200
scholarbase	200
scholargrade	200
scholarforge	200
scholarise	200
scholarkit	200
scholario	200
scholarkompass	404
scholarlab	200
scholarloop	200
scholarly	200
scholarmind	200
scholarnest	200
scholaros	200
scholarhub	200
scholarnorth	200
scholarpeak	200
scholarpilot	200
scholarscope	200
scholarrise	200
scholarpath	200
scholarsphere	200
scholakit	200
scholarstar	200
scholarsync	200
scholarverse	200
scholarway	200
scholascore	200
scholascope	200
scholastar	404
scholaverse	404
scholasync	404
scholasphere	200
scholaway	200
schulapp	200
schulboard	200
schulcockpit	404
schulbase	404
schulboost	404
scholarflow	200
scholarscore	200
schulcore	200
schuldeck	404
schulflow	200
schuldesk	404
schulhub	200
schulgrade	404
schulheld	200
schulkit	404
schulio	200
schulklar	200
schulkosmos	404
schulkompass	200
schulloop	404
schullab	404
schulmind	404
schully	200
schulpath	404
schulnorth	404
schulos	404
schulnord	404
schulpilot	200
schulpeak	404
schulrise	404
schulradar	200
schulpuls	404
schulplaner	200
schulscore	404
schulscope	404
schulstar	404
schulforge	404
schulsync	200
schulverse	404
schulsphere	404
schulzeit	200
schulway	404
scoreapp	200
scoreboard	200
scopa	200
scoreboost	200
schulnest	404
scorecore	200
scoredesk	200
scorebase	200
scoredeck	200
scoreflow	200
scoreforge	200
scorehub	200
scoregrade	200
scoreio	200
scorekompass	200
scorelab	200
scorely	200
scoreloop	200
scoremind	200
scoreos	200
scorenest	200
scorenorth	200
scorepeak	200
scorepilot	200
scorerise	200
scorescore	200
scorescope	200
scorepath	200
scoresphere	200
scoresync	200
scorestar	200
skora	200
skolar	200
scoreverse	200
scoreway	200
scorekit	200
sparkapp	200
sparka	200
sparkbase	200
sparkboard	200
sparkcore	200
sparkdeck	200
sparkboost	200
sparkflow	200
sparkdesk	200
solara	200
sparkgrade	200
sparkforge	200
sparkio	200
sparkhub	200
sparkkit	200
sparklab	200
sparkloop	200
sparkkompass	404
sparkmind	200
sparknorth	200
sparknest	200
sparkpath	200
sparkos	200
sparkrise	200
sparkpeak	200
sparkpilot	200
sparkly	200
sparkscope	200
sparksphere	200
sparkstar	200
sparksync	200
sparkverse	200
sprouto	200
sparkway	200
spektra	200
stellabase	200
stellaapp	200
stellaboard	404
stellaboost	200
sparkscore	200
stelladesk	200
stellaforge	200
stellaflow	200
stellahub	200
stellakit	200
stellaio	404
stelladeck	200
stellagrade	404
stellakompass	404
stellalab	200
stellaloop	404
stellanorth	200
stellamind	200
stellapath	200
stellanest	200
stellacore	200
stellara	200
stellapilot	200
stellascore	404
stellaly	200
stellascope	200
stellarise	200
stellapeak	404
stellastar	200
stepio	200
studia	200
stellaverse	200
stellaway	200
studioapp	200
studiobase	200
stellaos	200
studioboost	200
studioboard	200
studiodesk	200
studiocore	200
studiodeck	200
studioflow	200
studioforge	200
studioio	200
studiokit	200
studiohub	200
studiograde	200
stellasync	200
studiokompass	200
studiolab	200
stellasphere	200
studioloop	200
studioly	200
studiomind	200
studionest	200
studioos	200
studiopath	200
studiopilot	200
studiorise	200
studioscope	200
studioscore	200
studiosphere	200
studionorth	200
studiopeak	200
studiosync	200
studiostar	200
studioverse	200
studioway	200
studycore	200
studyapp	200
studybase	200
studyboard	200
studydeck	200
studydesk	200
studyflow	200
studyhub	200
studyforge	200
studygrade	200
studyboost	200
studykit	200
studylab	200
studykompass	404
studyloop	200
studymind	200
studyio	200
studynest	200
studynorth	200
studyos	200
studypath	200
studyly	200
studypilot	200
studypeak	200
studyscope	200
studyway	200
studystar	200
studysync	200
studyverse	200
studyscore	200
sumara	200
studyrise	200
summitbase	200
summitboard	200
summitapp	200
summitboost	200
summitgrade	404
summitdeck	200
summitforge	200
summitcore	200
summitflow	200
summa	200
summitlab	200
summitkit	200
summitio	200
summithub	200
summitloop	200
summitkompass	404
summitnorth	200
summitmind	200
summitnest	200
summitly	200
summitos	200
summitdesk	200
studysphere	200
summitscope	200
summitpilot	200
summitscore	200
summitsphere	200
summitsync	200
summitverse	200
tagapp	200
tabulo	200
summitstar	200
summitrise	200
summitpeak	200
summitpath	200
tagboard	200
tagbase	200
summitway	200
tagboost	200
synapt	200
tagdesk	200
tagdeck	200
tagcore	200
tagforge	200
tagflow	200
taggrade	200
taghub	200
tagio	200
tagkompass	404
taglab	200
tagloop	200
tagkit	200
tagnorth	200
tagnest	200
tagmind	200
tagpeak	200
tagrise	200
tagpilot	200
tagly	200
tagscope	200
tagscore	200
tagsphere	200
tagos	200
tagsync	200
tagpath	200
tagstar	200
tagverse	200
takta	200
tagway	200
taktapp	200
taktboost	404
taktbase	200
taktboard	200
taktcore	404
taktdeck	404
taktdesk	404
taktflow	200
taktforge	404
taktkompass	404
takthub	200
taktkit	200
taktio	200
taktlab	200
taktloop	200
taktmind	404
taktnorth	404
taktos	200
taktly	200
taktnest	404
taktgrade	404
taktpath	404
taktpeak	404
taktrise	404
taktsync	404
taktscore	404
taktscope	404
taktstar	404
taktpilot	404
taktway	200
thriveapp	200
telos	200
thrivebase	200
taktverse	404
thrivecore	200
thriveboost	200
thriveboard	200
taktsphere	404
thrivedesk	200
thriveflow	200
thrivedeck	200
thrivegrade	404
thriveio	200
thrivehub	200
thrivekit	200
thriveforge	200
thrivelab	200
thriveloop	200
thrively	200
thrivenest	200
thriveos	200
thrivenorth	200
thrivekompass	404
thrivemind	200
thrivepath	200
thrivepeak	200
thrivepilot	200
thriverise	200
thrivescore	200
thrivescope	200
thrivesphere	200
thriveverse	200
thrivesync	200
thrivestar	200
tierboard	200
tierbase	200
thrivo	200
tiercore	200
tierdeck	200
tierboost	200
thriveway	200
tierkit	200
tierhub	200
tiergrade	200
tierflow	200
tierforge	200
tierio	200
tierdesk	200
tierkompass	200
tiernest	200
tiermind	200
tierly	200
tierlab	200
tierloop	200
tiernorth	200
tierpeak	200
tierpilot	200
tiero	200
tierscope	200
tierrise	200
tierpath	200
tierscore	200
tiersphere	200
tiersync	200
tierstar	200
tieros	200
tierverse	200
tierway	200
vantel	200
upvio	200
vaulta	200
vaultapp	200
vaultbase	200
vaultboard	200
vaultboost	200
tierapp	200
vaultdeck	200
vaultdesk	200
vaultflow	200
vaultgrade	200
vaulthub	200
vaultkompass	404
vaultlab	200
valora	200
vaultloop	200
vaultio	200
vaultforge	200
vaultmind	200
vaultnest	200
vaultcore	200
vaultly	200
vaultkit	200
vaultnorth	200
vaultos	200
vaultpeak	200
vaultscope	200
vaultrise	200
vaultpilot	200
vaultscore	200
vaultsphere	200
vaultstar	200
vaultverse	200
vaultway	200
vegaapp	200
vaultsync	200
vaultpath	200
vegabase	200
vegaboard	200
vegaboost	200
vegacore	200
vegadeck	200
vegaflow	200
vegagrade	404
vegaforge	200
vegahub	200
vegaloop	200
vegakompass	404
vegalab	200
vegaly	200
vegadesk	200
vegakit	200
vegaos	200
veganorth	200
vegapath	200
veganest	200
vegapeak	200
vegamind	200
vegascore	200
vegapilot	200
vegascope	200
vegasphere	200
vegarise	200
vegastar	200
vegaio	200
vegaverse	200
vegaway	200
verda	200
verido	200
vetta	200
vegasync	200
viator	200
vigorapp	200
vigorbase	200
vigorcore	200
vigorboard	200
vigordeck	404
vigorflow	200
vigordesk	404
vigorforge	200
vigorgrade	404
vigorio	200
vigorhub	200
vigorkompass	404
vigorloop	200
vigorly	200
vigormind	200
vigornest	200
vigorlab	200
vidaro	200
vigoros	200
vigornorth	404
vigorpath	200
vigorpeak	200
vigorboost	200
vigorrise	200
vigorscope	200
vigorsphere	200
vigorpilot	200
vigorscore	200
vigorstar	200
vigorsync	200
vitaboard	200
vitaapp	200
vigorverse	200
vigorway	200
vigorkit	200
vitaboost	200
vitabase	200
vitacore	200
vitadesk	200
vitaforge	200
vitaflow	200
vitagrade	200
vitahub	200
vitakit	200
vitaio	200
vitadeck	200
vitaloop	200
vitaly	200
vitakompass	200
vitalab	200
vitamind	200
vitapilot	200
vitanorth	200
vitarise	200
vitanest	200
vitapath	200
vitascope	200
vitascore	200
vitastar	200
vitasync	200
vitaway	200
vitaverse	200
vitapeak	200
vitaos	200
zielapp	200
zentro	200
voria	200
vitasphere	200
zieldeck	404
zielbase	404
zielcore	404
zielboard	404
zielflow	404
zielboost	404
zielforge	200
zielhub	200
zielgrade	404
zielio	404
zielkompass	200
zielkit	404
zielklar	200
ziellab	200
zieldesk	404
zielloop	404
zielly	200
zielmind	404
zielpeak	404
zielos	200
zielpilot	404
zielnorth	404
zielpath	404
zielrise	404
zielscope	404
zielsync	404
zielnest	404
zielstar	404
zielway	404
zielsphere	404
zielscore	404
zielverse	404
